{"pytorch_version": "1.7.0", "cuda_version": "10.2", "distributed_backend": "gloo", "bucket_size": 25, "benchmark_results": [{"model": "bert-base-uncased", "batch_size": 32, "result": [{"ranks": [0], "measurements": [0.2262880802154541, 0.22607922554016113, 0.22586369514465332, 0.2258319854736328, 0.22577142715454102, 0.2257833480834961, 0.22652029991149902, 0.22573637962341309, 0.22601675987243652, 0.2264266014099121]}, {"ranks": [0], "measurements": [0.2537801265716553, 0.25411248207092285, 0.25307798385620117, 0.2539253234863281, 0.2518291473388672, 0.25669121742248535, 0.2562074661254883, 0.2557666301727295, 0.2567720413208008, 0.25493693351745605]}, {"ranks": [0, 1], "measurements": [0.44330430030822754, 0.40522122383117676, 0.41730332374572754, 0.4069070816040039, 0.40407252311706543, 0.4131009578704834, 0.4142627716064453, 0.4151902198791504, 0.40772223472595215, 0.4062986373901367, 0.4431920051574707, 0.4052143096923828, 0.4173438549041748, 0.40694403648376465, 0.40402793884277344, 0.413071870803833, 0.41429710388183594, 0.4152069091796875, 0.40769362449645996, 0.406264066696167]}]}]}