{"pytorch_version": "1.7.0", "cuda_version": "10.2", "distributed_backend": "gloo", "bucket_size": 25, "benchmark_results": [{"model": "bert-base-uncased", "batch_size": 32, "result": [{"ranks": [0], "measurements": [0.2343733310699463, 0.2343735694885254, 0.2343754768371582, 0.2343757152557373, 0.2343742847442627, 0.234375, 0.21875, 0.2343747615814209, 0.2343742847442627, 0.23724055290222168]}, {"ranks": [0], "measurements": [0.265627384185791, 0.2694826126098633, 0.2656238079071045, 0.2656264305114746, 0.2656247615814209, 0.2656261920928955, 0.2656219005584717, 0.281252384185791, 0.2656240463256836, 0.265625]}, {"ranks": [0, 1], "measurements": [0.5468807220458984, 0.5312478542327881, 0.5468676090240479, 0.5312509536743164, 0.535149097442627, 0.5312557220458984, 0.5312464237213135, 0.515625, 0.53125, 0.515629768371582, 0.5468807220458984, 0.5312478542327881, 0.5468676090240479, 0.5312509536743164, 0.535149097442627, 0.5312557220458984, 0.5312464237213135, 0.515625, 0.53125, 0.515629768371582]}]}]}