{"pytorch_version": "1.7.0", "cuda_version": "10.2", "distributed_backend": "nccl", "bucket_size": 25, "benchmark_results": [{"model": "bert-base-uncased", "batch_size": 32, "result": [{"ranks": [0], "measurements": [0.22504711151123047, 0.2257528305053711, 0.22539162635803223, 0.22558212280273438, 0.22528290748596191, 0.2254481315612793, 0.22544264793395996, 0.22516918182373047, 0.22529935836791992, 0.22568535804748535]}, {"ranks": [0], "measurements": [0.22866129875183105, 0.22809100151062012, 0.22866344451904297, 0.22865891456604004, 0.22853589057922363, 0.2290036678314209, 0.22972655296325684, 0.22903966903686523, 0.22865080833435059, 0.2286670207977295]}, {"ranks": [0, 1], "measurements": [0.28414225578308105, 0.28288936614990234, 0.28450989723205566, 0.28251171112060547, 0.2871389389038086, 0.2839491367340088, 0.28571653366088867, 0.28394508361816406, 0.28682780265808105, 0.2877781391143799, 0.28411078453063965, 0.28281307220458984, 0.28452348709106445, 0.2825343608856201, 0.28713321685791016, 0.2839393615722656, 0.28574466705322266, 0.28400135040283203, 0.2867422103881836, 0.2877676486968994]}]}]}