{"pytorch_version": "1.7.0", "cuda_version": "10.2", "distributed_backend": "gloo", "bucket_size": 25, "benchmark_results": [{"model": "resnext50_32x4d", "batch_size": 32, "result": [{"ranks": [0], "measurements": [0.36034536361694336, 0.3603525161743164, 0.3588528633117676, 0.3598792552947998, 0.35997557640075684, 0.3588888645172119, 0.3603043556213379, 0.35841822624206543, 0.36008715629577637, 0.3588528633117676]}, {"ranks": [0], "measurements": [0.37212443351745605, 0.37131571769714355, 0.3725895881652832, 0.3742661476135254, 0.372638463973999, 0.3746519088745117, 0.3737154006958008, 0.3743555545806885, 0.3742361068725586, 0.37357640266418457]}, {"ranks": [0, 1], "measurements": [0.3949918746948242, 0.3941621780395508, 0.3929636478424072, 0.3974628448486328, 0.3970065116882324, 0.394636869430542, 0.3962826728820801, 0.39613866806030273, 0.39593958854675293, 0.3942432403564453, 0.39533519744873047, 0.39401888847351074, 0.3929879665374756, 0.3981201648712158, 0.39614439010620117, 0.39498019218444824, 0.39601659774780273, 0.39633941650390625, 0.3957512378692627, 0.39438915252685547]}]}]}