{"pytorch_version": "1.7.0", "cuda_version": "10.2", "distributed_backend": "gloo", "bucket_size": 25, "benchmark_results": [{"model": "resnet101", "batch_size": 32, "result": [{"ranks": [0], "measurements": [0.2601792812347412, 0.25975799560546875, 0.2596602439880371, 0.2604045867919922, 0.2604966163635254, 0.26022863388061523, 0.2598855495452881, 0.25995826721191406, 0.25975537300109863, 0.2598397731781006]}, {"ranks": [0], "measurements": [0.2819511890411377, 0.29482460021972656, 0.2821533679962158, 0.28468751907348633, 0.2812974452972412, 0.28167271614074707, 0.2817232608795166, 0.28209447860717773, 0.2816915512084961, 0.2815268039703369]}, {"ranks": [0, 1], "measurements": [0.28850865364074707, 0.29370927810668945, 0.29443883895874023, 0.28957509994506836, 0.2905709743499756, 0.2920515537261963, 0.2911498546600342, 0.2901911735534668, 0.29152965545654297, 0.29204607009887695, 0.28838014602661133, 0.2916076183319092, 0.2956411838531494, 0.29071044921875, 0.2945249080657959, 0.2876150608062744, 0.29165124893188477, 0.2903323173522949, 0.29099106788635254, 0.2921130657196045]}]}]}