{"pytorch_version": "1.7.0", "cuda_version": "10.2", "distributed_backend": "gloo", "bucket_size": 25, "benchmark_results": [{"model": "resnet101", "batch_size": 32, "result": [{"ranks": [0], "measurements": [0.2656235694885254, 0.2812511920928955, 0.2656214237213135, 0.2656280994415283, 0.2812519073486328, 0.2656235694885254, 0.2656254768371582, 0.2812490463256836, 0.2656264305114746, 0.2656242847442627]}, {"ranks": [0], "measurements": [0.29975318908691406, 0.2968759536743164, 0.2968764305114746, 0.3096280097961426, 0.30113959312438965, 0.29259777069091797, 0.2968711853027344, 0.2968780994415283, 0.312497615814209, 0.2968759536743164]}, {"ranks": [0, 1], "measurements": [0.3281276226043701, 0.2968783378601074, 0.31552863121032715, 0.296875, 0.3125004768371582, 0.3124988079071045, 0.3125011920928955, 0.3124980926513672, 0.3125009536743164, 0.3124992847442627, 0.3125033378601074, 0.3125026226043701, 0.31552863121032715, 0.296875, 0.3125004768371582, 0.3124988079071045, 0.29688000679016113, 0.31249570846557617, 0.3125016689300537, 0.3124985694885254]}]}]}