{"pytorch_version": "1.7.0", "cuda_version": "10.2", "distributed_backend": "gloo", "bucket_size": 25, "benchmark_results": [{"model": "resnext101_32x8d", "batch_size": 32, "result": [{"ranks": [0], "measurements": [0.8365507125854492, 0.8374075889587402, 0.8393707275390625, 0.8371779918670654, 0.8377819061279297, 0.8373360633850098, 0.8372447490692139, 0.8364138603210449, 0.8347866535186768, 0.8366005420684814]}, {"ranks": [0], "measurements": [0.8619580268859863, 0.8628072738647461, 0.8645720481872559, 0.8609428405761719, 0.8637247085571289, 0.8628442287445068, 0.8642406463623047, 0.8638491630554199, 0.8630580902099609, 0.8616852760314941]}, {"ranks": [0, 1], "measurements": [0.9089746475219727, 0.8956120014190674, 0.910888671875, 0.9100062847137451, 0.909247875213623, 0.9102115631103516, 0.9120137691497803, 0.91042160987854, 0.9111030101776123, 0.8993003368377686, 0.9003434181213379, 0.9052987098693848, 0.9100944995880127, 0.9067535400390625, 0.9126126766204834, 0.9102990627288818, 0.9122302532196045, 0.9104189872741699, 0.901681661605835, 0.9068484306335449]}]}]}