{"pytorch_version": "1.7.0", "cuda_version": "10.2", "distributed_backend": "gloo", "bucket_size": 25, "benchmark_results": [{"model": "resnext50_32x4d", "batch_size": 32, "result": [{"ranks": [0], "measurements": [0.406146764755249, 0.3906245231628418, 0.40628480911254883, 0.3906240463256836, 0.39083051681518555, 0.406052827835083, 0.3906235694885254, 0.4062004089355469, 0.3906259536743164, 0.4062464237213135]}, {"ranks": [0], "measurements": [0.42213940620422363, 0.4371938705444336, 0.4218764305114746, 0.42191147804260254, 0.4375002384185791, 0.42186903953552246, 0.4218738079071045, 0.4375631809234619, 0.4218740463256836, 0.4218764305114746]}, {"ranks": [0, 1], "measurements": [0.45320796966552734, 0.43741488456726074, 0.45313096046447754, 0.43743014335632324, 0.4531276226043701, 0.4531443119049072, 0.4375021457672119, 0.45313334465026855, 0.45589590072631836, 0.44899988174438477, 0.45320796966552734, 0.43741488456726074, 0.45313096046447754, 0.43743014335632324, 0.4531276226043701, 0.4531443119049072, 0.4375021457672119, 0.45313334465026855, 0.45189595222473145, 0.4459998607635498]}]}]}