{"pytorch_version": "1.7.0", "cuda_version": "10.2", "distributed_backend": "nccl", "bucket_size": 25, "benchmark_results": [{"model": "resnext50_32x4d", "batch_size": 32, "result": [{"ranks": [0], "measurements": [0.36034107208251953, 0.35965943336486816, 0.3588738441467285, 0.3602006435394287, 0.35955810546875, 0.3604867458343506, 0.3598973751068115, 0.36049532890319824, 0.3601419925689697, 0.36048030853271484]}, {"ranks": [0], "measurements": [0.36263370513916016, 0.36235857009887695, 0.36304569244384766, 0.36260485649108887, 0.36341381072998047, 0.36232924461364746, 0.3631746768951416, 0.363131046295166, 0.3635134696960449, 0.3635995388031006]}, {"ranks": [0, 1], "measurements": [0.3939793109893799, 0.39400720596313477, 0.39500951766967773, 0.3966555595397949, 0.3937997817993164, 0.3962259292602539, 0.39401817321777344, 0.39576005935668945, 0.3960111141204834, 0.39615797996520996, 0.3939998149871826, 0.3939969539642334, 0.3950235843658447, 0.39663147926330566, 0.3938028812408447, 0.3962235450744629, 0.39403200149536133, 0.39574456214904785, 0.396038293838501, 0.39614081382751465]}]}]}