{"pytorch_version": "1.7.0", "cuda_version": "10.2", "distributed_backend": "nccl", "bucket_size": 25, "benchmark_results": [{"model": "resnet101", "batch_size": 32, "result": [{"ranks": [0], "measurements": [0.26080322265625, 0.2606632709503174, 0.2599482536315918, 0.2601020336151123, 0.2599506378173828, 0.26015782356262207, 0.2600996494293213, 0.2597641944885254, 0.26006555557250977, 0.26084184646606445]}, {"ranks": [0], "measurements": [0.2643728256225586, 0.2643468379974365, 0.26462364196777344, 0.26471590995788574, 0.2652420997619629, 0.26544761657714844, 0.2653491497039795, 0.2645552158355713, 0.2641456127166748, 0.26471924781799316]}, {"ranks": [0, 1], "measurements": [0.2890000343322754, 0.29055309295654297, 0.290895938873291, 0.2905268669128418, 0.29079747200012207, 0.2909235954284668, 0.29125189781188965, 0.290668249130249, 0.2914881706237793, 0.2912731170654297, 0.29244303703308105, 0.29120731353759766, 0.29072117805480957, 0.2907705307006836, 0.29050612449645996, 0.29115796089172363, 0.2910933494567871, 0.29079318046569824, 0.2915914058685303, 0.28705430030822754]}]}]}