{"pytorch_version": "1.7.0", "cuda_version": "10.2", "distributed_backend": "gloo", "bucket_size": 25, "benchmark_results": [{"model": "resnet50", "batch_size": 32, "result": [{"ranks": [0], "measurements": [0.17167401313781738, 0.17268919944763184, 0.1659996509552002, 0.16500043869018555, 0.1660001277923584, 0.1659984588623047, 0.1660001277923584, 0.15624713897705078, 0.17027974128723145, 0.1562507152557373]}, {"ranks": [0], "measurements": [0.1874101161956787, 0.1875, 0.1718754768371582, 0.1874997615814209, 0.1874995231628418, 0.1718752384185791, 0.1874997615814209, 0.1875002384185791, 0.19260501861572266, 0.18205499649047852]}, {"ranks": [0, 1], "measurements": [0.18338513374328613, 0.20310616493225098, 0.18749785423278809, 0.20314574241638184, 0.18749547004699707, 0.20312833786010742, 0.20337510108947754, 0.18723011016845703, 0.2031264305114746, 0.1874988079071045, 0.18538475036621094, 0.20310616493225098, 0.18749785423278809, 0.20314574241638184, 0.20312833786010742, 0.18749547004699707, 0.18785929679870605, 0.20274591445922852, 0.18749761581420898, 0.20312762260437012]}]}]}