{"pytorch_version": "1.7.0", "cuda_version": "10.2", "distributed_backend": "nccl", "bucket_size": 25, "benchmark_results": [{"model": "resnext101_32x8d", "batch_size": 32, "result": [{"ranks": [0], "measurements": [0.8396542072296143, 0.8365054130554199, 0.8385975360870361, 0.841038703918457, 0.8395411968231201, 0.8394532203674316, 0.8408370018005371, 0.8394548892974854, 0.8403911590576172, 0.8376185894012451]}, {"ranks": [0], "measurements": [0.843573808670044, 0.8440639972686768, 0.8456761837005615, 0.8455028533935547, 0.8453772068023682, 0.8466188907623291, 0.8457212448120117, 0.8471376895904541, 0.8464004993438721, 0.8476762771606445]}, {"ranks": [0, 1], "measurements": [0.9150099754333496, 0.9188311100006104, 0.9201200008392334, 0.9190118312835693, 0.9145491123199463, 0.9090826511383057, 0.9207420349121094, 0.9159438610076904, 0.9123134613037109, 0.9130446910858154, 0.9150221347808838, 0.918853759765625, 0.9200856685638428, 0.9190127849578857, 0.9145703315734863, 0.9090726375579834, 0.9207572937011719, 0.9159755706787109, 0.912259578704834, 0.9130494594573975]}]}]}