{"pytorch_version": "1.7.0", "cuda_version": "10.2", "distributed_backend": "gloo", "bucket_size": 25, "benchmark_results": [{"model": "resnext101_32x8d", "batch_size": 32, "result": [{"ranks": [0], "measurements": [0.8906247615814209, 0.8906247615814209, 0.8906245231628418, 0.890648603439331, 0.8906233310699463, 0.8970816135406494, 0.8838367462158203, 0.8906741142272949, 0.8906269073486328, 0.890622615814209]}, {"ranks": [0], "measurements": [0.9531276226043701, 0.9708197116851807, 0.9512569904327393, 0.9531261920928955, 0.9531264305114746, 0.9687469005584717, 0.9531533718109131, 0.9679985046386719, 0.9535629749298096, 0.9531240463256836]}, {"ranks": [0, 1], "measurements": [0.9843764305114746, 0.9999969005584717, 0.9843754768371582, 0.9900994300842285, 0.9783649444580078, 1.0000181198120117, 0.9725375175476074, 0.9843735694885254, 0.9843764305114746, 0.9950904846191406, 0.9843764305114746, 0.9999969005584717, 0.9843754768371582, 0.9840993881225586, 0.9843649864196777, 0.9843933582305908, 0.9881622791290283, 0.9843735694885254, 0.9843764305114746, 0.9890923500061035]}]}]}