{"pytorch_version": "1.7.0", "cuda_version": "10.2", "distributed_backend": "nccl", "bucket_size": 25, "benchmark_results": [{"model": "resnet50", "batch_size": 32, "result": [{"ranks": [0], "measurements": [0.1609175205230713, 0.16091680526733398, 0.16109442710876465, 0.16107392311096191, 0.1614539623260498, 0.1608264446258545, 0.16120052337646484, 0.1609809398651123, 0.1610546112060547, 0.1614522933959961]}, {"ranks": [0], "measurements": [0.16277766227722168, 0.16303801536560059, 0.1626286506652832, 0.16267800331115723, 0.16283130645751953, 0.16226458549499512, 0.16242337226867676, 0.16270804405212402, 0.1623694896697998, 0.16258621215820312]}, {"ranks": [0, 1], "measurements": [0.17604970932006836, 0.17653560638427734, 0.17702627182006836, 0.1779637336730957, 0.17723488807678223, 0.17681169509887695, 0.17699480056762695, 0.17664480209350586, 0.176025390625, 0.178297758102417, 0.17607617378234863, 0.17653632164001465, 0.17702984809875488, 0.17795109748840332, 0.1772136688232422, 0.17682385444641113, 0.17699503898620605, 0.17664790153503418, 0.17604970932006836, 0.17825889587402344]}]}]}