{"pytorch_version": "1.7.0", "cuda_version": "10.2", "distributed_backend": "gloo", "bucket_size": 25, "benchmark_results": [{"model": "resnet50", "batch_size": 32, "result": [{"ranks": [0], "measurements": [0.16127300262451172, 0.1608719825744629, 0.16121935844421387, 0.16104626655578613, 0.16108274459838867, 0.16097378730773926, 0.16103386878967285, 0.16083574295043945, 0.1609354019165039, 0.16112804412841797]}, {"ranks": [0], "measurements": [0.1840653419494629, 0.1744837760925293, 0.17435383796691895, 0.17448806762695312, 0.1739208698272705, 0.17343521118164062, 0.17395329475402832, 0.17344164848327637, 0.17333555221557617, 0.17351961135864258]}, {"ranks": [0, 1], "measurements": [0.18560457229614258, 0.1847844123840332, 0.18175268173217773, 0.17945623397827148, 0.18002915382385254, 0.1805434226989746, 0.18008017539978027, 0.1859593391418457, 0.1841726303100586, 0.18527507781982422, 0.18077516555786133, 0.18459582328796387, 0.18400168418884277, 0.1821451187133789, 0.18002676963806152, 0.18047714233398438, 0.18013477325439453, 0.18124103546142578, 0.1841292381286621, 0.18506383895874023]}]}]}