{"pytorch_version": "1.7.0", "cuda_version": "10.2", "distributed_backend": "gloo", "bucket_size": 25, "benchmark_results": [{"model": "vgg16", "batch_size": 32, "result": [{"ranks": [0], "measurements": [0.2500002384185791, 0.25000452995300293, 0.24999666213989258, 0.2499990463256836, 0.25000452995300293, 0.24999499320983887, 0.2500014305114746, 0.24994850158691406, 0.25000500679016113, 0.24999403953552246]}, {"ranks": [0], "measurements": [0.2656233310699463, 0.2656238079071045, 0.2656269073486328, 0.2656247615814209, 0.26560378074645996, 0.2656254768371582, 0.2656247615814209, 0.2656252384185791, 0.2657496929168701, 0.2655186653137207]}, {"ranks": [0, 1], "measurements": [0.6560685634613037, 0.6250357627868652, 0.6093733310699463, 0.6279308795928955, 0.6220254898071289, 0.6093735694885254, 0.5938205718994141, 0.593752384185791, 0.6093080043792725, 0.5937652587890625, 0.6560685634613037, 0.6250357627868652, 0.6093733310699463, 0.6279308795928955, 0.6220254898071289, 0.6093735694885254, 0.5938205718994141, 0.593752384185791, 0.6093080043792725, 0.5937652587890625]}]}]}