{"pytorch_version": "1.7.0", "cuda_version": "10.2", "distributed_backend": "gloo", "bucket_size": 25, "benchmark_results": [{"model": "vgg19", "batch_size": 32, "result": [{"ranks": [0], "measurements": [0.2829728126525879, 0.2832200527191162, 0.28287363052368164, 0.28298211097717285, 0.28327298164367676, 0.28305697441101074, 0.2828555107116699, 0.28296780586242676, 0.2835984230041504, 0.28318238258361816]}, {"ranks": [0], "measurements": [0.48898887634277344, 0.291140079498291, 0.29088926315307617, 0.29157328605651855, 0.2910895347595215, 0.2909567356109619, 0.29099082946777344, 0.29059743881225586, 0.29065465927124023, 0.29065585136413574]}, {"ranks": [0, 1], "measurements": [0.6412632465362549, 0.5758745670318604, 0.5768697261810303, 0.5672698020935059, 0.5785484313964844, 0.5625548362731934, 0.5655136108398438, 0.5713291168212891, 0.564997673034668, 0.5862438678741455, 0.6412575244903564, 0.5758802890777588, 0.5768783092498779, 0.5672647953033447, 0.5785403251647949, 0.5625638961791992, 0.5655040740966797, 0.5713388919830322, 0.5649864673614502, 0.5862412452697754]}]}]}