{"pytorch_version": "1.7.0", "cuda_version": "10.2", "distributed_backend": "nccl", "bucket_size": 25, "benchmark_results": [{"model": "vgg16", "batch_size": 32, "result": [{"ranks": [0], "measurements": [0.24432158470153809, 0.24454641342163086, 0.24433016777038574, 0.2443540096282959, 0.2443220615386963, 0.24452567100524902, 0.2442326545715332, 0.24888229370117188, 0.24449467658996582, 0.24449372291564941]}, {"ranks": [0], "measurements": [0.24898815155029297, 0.2489306926727295, 0.2487926483154297, 0.24915766716003418, 0.24909162521362305, 0.24881434440612793, 0.24877262115478516, 0.2485518455505371, 0.24869775772094727, 0.24854135513305664]}, {"ranks": [0, 1], "measurements": [0.2799503803253174, 0.2784256935119629, 0.27582788467407227, 0.2771613597869873, 0.278209924697876, 0.2774806022644043, 0.278806209564209, 0.2808825969696045, 0.27885961532592773, 0.2859823703765869, 0.2799346446990967, 0.27845239639282227, 0.2758207321166992, 0.2771568298339844, 0.27731919288635254, 0.2783808708190918, 0.27880144119262695, 0.28089451789855957, 0.27883005142211914, 0.28255152702331543]}]}]}