{"pytorch_version": "1.7.0", "cuda_version": "10.2", "distributed_backend": "gloo", "bucket_size": 25, "benchmark_results": [{"model": "vgg19", "batch_size": 32, "result": [{"ranks": [0], "measurements": [0.29715466499328613, 0.28093862533569336, 0.296889066696167, 0.2812504768371582, 0.2968723773956299, 0.281238317489624, 0.2968754768371582, 0.2968757152557373, 0.28160762786865234, 0.2965657711029053]}, {"ranks": [0], "measurements": [0.4374992847442627, 0.3125035762786865, 0.3124995231628418, 0.3124971389770508, 0.31252169609069824, 0.3124992847442627, 0.3125002384185791, 0.31250476837158203, 0.3125119209289551, 0.3125]}, {"ranks": [0, 1], "measurements": [0.6562490463256836, 0.6718897819519043, 0.6786081790924072, 0.6494779586791992, 0.6562352180480957, 0.6406240463256836, 0.6563169956207275, 0.6406254768371582, 0.6093759536743164, 0.6406276226043701, 0.6406240463256836, 0.6875147819519043, 0.6786081790924072, 0.6494779586791992, 0.6562352180480957, 0.6406240463256836, 0.6563169956207275, 0.6406254768371582, 0.6093759536743164, 0.6406276226043701]}]}]}