{"pytorch_version": "1.7.0", "cuda_version": "10.2", "distributed_backend": "nccl", "bucket_size": 25, "benchmark_results": [{"model": "vgg19", "batch_size": 32, "result": [{"ranks": [0], "measurements": [0.28350329399108887, 0.2833077907562256, 0.28355860710144043, 0.2836458683013916, 0.2835695743560791, 0.2831237316131592, 0.2832939624786377, 0.28338050842285156, 0.28351879119873047, 0.28368520736694336]}, {"ranks": [0], "measurements": [0.2880825996398926, 0.2880241870880127, 0.2893638610839844, 0.2883725166320801, 0.28780341148376465, 0.28810572624206543, 0.28821682929992676, 0.28795552253723145, 0.2880086898803711, 0.28781652450561523]}, {"ranks": [0, 1], "measurements": [0.32279396057128906, 0.31926965713500977, 0.3232262134552002, 0.3243241310119629, 0.31974244117736816, 0.3221907615661621, 0.32320642471313477, 0.32173895835876465, 0.32724738121032715, 0.3256661891937256, 0.32278966903686523, 0.3192753791809082, 0.3232762813568115, 0.3244624137878418, 0.3197319507598877, 0.3221855163574219, 0.3232283592224121, 0.32154417037963867, 0.32742905616760254, 0.3255000114440918]}]}]}