{"pytorch_version": "1.7.0", "cuda_version": "10.2", "distributed_backend": "gloo", "bucket_size": 25, "benchmark_results": [{"model": "vgg16", "batch_size": 32, "result": [{"ranks": [0], "measurements": [0.24429869651794434, 0.24431276321411133, 0.24494147300720215, 0.24506378173828125, 0.24451637268066406, 0.24457073211669922, 0.2442028522491455, 0.24459242820739746, 0.24443721771240234, 0.2445073127746582]}, {"ranks": [0], "measurements": [0.25136804580688477, 0.25110840797424316, 0.2515714168548584, 0.2514333724975586, 0.25116872787475586, 0.2511014938354492, 0.250262975692749, 0.2509324550628662, 0.25090670585632324, 0.25080060958862305]}, {"ranks": [0, 1], "measurements": [0.5543010234832764, 0.5531435012817383, 0.5539486408233643, 0.5474998950958252, 0.5572795867919922, 0.5505638122558594, 0.5476295948028564, 0.5396394729614258, 0.543602705001831, 0.5475716590881348, 0.5543050765991211, 0.5531370639801025, 0.5539367198944092, 0.5475056171417236, 0.5572936534881592, 0.5505590438842773, 0.5476226806640625, 0.539628267288208, 0.5436432361602783, 0.5475444793701172]}]}]}